prime,"PipelineFlatNBEOf with extraction OCaml using precomputed_decision_tree (real, s)","PipelineFlatNBEOf with extraction OCaml using unreduced_decision_tree (real, s)","PipelineFlatNBEOf with extraction OCaml using unreduced_naive (real, s)","PipelineNBEOf with vm_compute using BoundsPipeline (real, s)","GallinaAxOf with vm_compute using None (real, s)","GallinaAxOf with cbv using None (real, s)",extra info
170141183460469231731687303715884105727,0.022049,0.067287,0.230104,3.485,0.035,0.825,UnsaturatedSolinas x32 (0)
170141183460469231731687303715884105727,0.009004,0.026113,0.095400,1.29,0.012,0.344,UnsaturatedSolinas x64 (0)
170141183460469231731687303715884105727,0.118303,0.277976,1.087256,16.102,0.232,3.884,WordByWordMontgomery x32
170141183460469231731687303715884105727,0.013343,0.033755,0.113248,1.686,0.024,0.516,WordByWordMontgomery x64
680564733841876926926749214863536422887,0.019793,0.059601,0.227913,3.494,0.036,0.891,UnsaturatedSolinas x32 (0)
680564733841876926926749214863536422887,0.008248,0.022342,0.086650,1.316,0.013,0.351,UnsaturatedSolinas x64 (0)
680564733841876926926749214863536422887,0.256569,0.625808,2.476983,35.649,0.632,12.5,WordByWordMontgomery x32
680564733841876926926749214863536422887,0.044974,0.109973,0.410944,6.172,0.146,3.203,WordByWordMontgomery x64
1361129467683753853853498429727072845819,0.019412,0.059992,0.235045,3.491,0.035,0.831,UnsaturatedSolinas x32 (0)
1361129467683753853853498429727072845819,0.008316,0.023915,0.085875,1.317,0.013,0.361,UnsaturatedSolinas x64 (0)
1361129467683753853853498429727072845819,0.254556,0.633632,2.507432,35.778,0.639,12.235,WordByWordMontgomery x32
1361129467683753853853498429727072845819,0.047212,0.109262,0.412184,6.333,0.146,3.174,WordByWordMontgomery x64
174224571863520493293247799005065324265459,0.028237,0.087288,0.339295,5.253,0.058,1.35,UnsaturatedSolinas x32 (0)
174224571863520493293247799005065324265459,0.008240,0.022617,0.086294,1.345,0.014,0.403,UnsaturatedSolinas x64 (0)
174224571863520493293247799005065324265459,0.258942,0.651143,2.501233,35.526,0.638,13.249,WordByWordMontgomery x32
174224571863520493293247799005065324265459,0.047982,0.111541,0.419871,6.292,0.144,3.193,WordByWordMontgomery x64
1393796574908163946345982392040522594123749,0.028436,0.088892,0.341929,5.223,0.061,1.561,UnsaturatedSolinas x32 (0)
1393796574908163946345982392040522594123749,0.009505,0.023871,0.087145,1.345,0.014,0.391,UnsaturatedSolinas x64 (0)
1393796574908163946345982392040522594123749,0.257047,0.645103,2.483045,35.8,0.624,12.231,WordByWordMontgomery x32
1393796574908163946345982392040522594123749,0.046199,0.109391,0.416158,6.268,0.145,3.169,WordByWordMontgomery x64
2787593149816327892691964784081045188247543,0.029088,0.089170,0.341421,5.155,0.06,1.41,UnsaturatedSolinas x32 (0)
2787593149816327892691964784081045188247543,0.008262,0.022625,0.086157,1.332,0.014,0.403,UnsaturatedSolinas x64 (0)
2787593149816327892691964784081045188247543,0.256975,0.638235,2.480948,35.912,0.622,12.221,WordByWordMontgomery x32
2787593149816327892691964784081045188247543,0.046097,0.109355,0.413772,6.227,0.148,3.465,WordByWordMontgomery x64
1427247692705959881058285969449495136382746619,0.028707,0.087977,0.337230,5.232,0.065,1.562,UnsaturatedSolinas x32 (0)
1427247692705959881058285969449495136382746619,0.008198,0.022773,0.086340,1.343,0.016,0.446,UnsaturatedSolinas x64 (0)
1427247692705959881058285969449495136382746619,0.253283,0.632597,2.445264,35.979,0.638,12.325,WordByWordMontgomery x32
1427247692705959881058285969449495136382746619,0.046898,0.110448,0.411343,6.265,0.143,3.465,WordByWordMontgomery x64
1427247692705959881058285969449495136382746621,0.029731,0.090169,0.343323,5.204,0.067,1.57,UnsaturatedSolinas x32 (0)
1427247692705959881058285969449495136382746621,0.008128,0.023804,0.085903,1.372,0.016,0.444,UnsaturatedSolinas x64 (0)
1427247692705959881058285969449495136382746621,0.255743,0.644601,2.460990,35.597,0.644,12.243,WordByWordMontgomery x32
1427247692705959881058285969449495136382746621,0.046790,0.109739,0.414922,6.211,0.146,3.203,WordByWordMontgomery x64
5708990770823839524233143877797980545530986479,0.030552,0.090808,0.344182,5.263,0.069,1.632,UnsaturatedSolinas x32 (0)
5708990770823839524233143877797980545530986479,0.008236,0.023498,0.085302,1.367,0.017,0.447,UnsaturatedSolinas x64 (0)
5708990770823839524233143877797980545530986479,0.255956,0.625883,2.454247,36.017,0.622,12.275,WordByWordMontgomery x32
5708990770823839524233143877797980545530986479,0.047801,0.110647,0.425716,6.244,0.147,3.437,WordByWordMontgomery x64
365375409332725729550921208179070754913983135729,0.030594,0.089718,0.352534,5.276,0.074,1.729,UnsaturatedSolinas x32 (0)
365375409332725729550921208179070754913983135729,0.008211,0.036655,0.086539,1.38,0.018,0.504,UnsaturatedSolinas x64 (0)
365375409332725729550921208179070754913983135729,0.260132,0.635803,2.453524,36.085,0.623,13.168,WordByWordMontgomery x32
365375409332725729550921208179070754913983135729,0.048091,0.109957,0.416792,6.239,0.146,3.232,WordByWordMontgomery x64
46768052394588893382517914646921056628989841375207,0.042542,0.129488,0.493469,7.42,0.11,2.643,UnsaturatedSolinas x32 (0)
46768052394588893382517914646921056628989841375207,0.008962,0.023132,0.087299,1.342,0.019,0.498,UnsaturatedSolinas x64 (0)
46768052394588893382517914646921056628989841375207,0.528979,1.274876,4.971664,68.53,1.534,32.574,WordByWordMontgomery x32
46768052394588893382517914646921056628989841375207,0.047112,0.109278,0.411038,6.272,0.146,3.456,WordByWordMontgomery x64
93536104789177786765035829293842113257979682750459,0.030179,0.089107,0.334414,5.336,0.08,1.91,UnsaturatedSolinas x32 (0)
93536104789177786765035829293842113257979682750459,0.008481,0.022738,0.085557,1.354,0.019,0.521,UnsaturatedSolinas x64 (0)
93536104789177786765035829293842113257979682750459,0.536630,1.276873,5.015569,69.2,1.532,32.044,WordByWordMontgomery x32
93536104789177786765035829293842113257979682750459,0.047325,0.107425,0.415133,6.336,0.147,3.259,WordByWordMontgomery x64
2993155353253689176481146537402947624255349848014829,0.042087,0.125696,0.485852,7.426,0.119,2.861,UnsaturatedSolinas x32 (0)
2993155353253689176481146537402947624255349848014829,0.008996,0.024857,0.088191,1.345,0.02,0.527,UnsaturatedSolinas x64 (0)
2993155353253689176481146537402947624255349848014829,0.547478,1.301953,5.010739,69.184,1.567,31.97,WordByWordMontgomery x32
2993155353253689176481146537402947624255349848014829,0.046521,0.109448,0.407373,6.331,0.147,3.265,WordByWordMontgomery x64
23945242826029513411849172299223580994042798784118767,0.043410,0.126371,0.478938,7.371,0.123,2.903,UnsaturatedSolinas x32 (0)
23945242826029513411849172299223580994042798784118767,0.008962,0.024305,0.087304,1.343,0.021,0.535,UnsaturatedSolinas x64 (0)
23945242826029513411849172299223580994042798784118767,0.533469,1.282535,4.990896,69.336,1.55,32.837,WordByWordMontgomery x32
23945242826029513411849172299223580994042798784118767,0.047486,0.109706,0.425519,6.306,0.146,3.216,WordByWordMontgomery x64
23945242826029513411849172299223580994042798784118781,0.043586,0.129476,0.482637,7.291,0.131,2.905,UnsaturatedSolinas x32 (0)
23945242826029513411849172299223580994042798784118781,0.009817,0.024120,0.087046,1.352,0.021,0.557,UnsaturatedSolinas x64 (0)
23945242826029513411849172299223580994042798784118781,0.531094,1.290664,4.974463,69.029,1.546,32.695,WordByWordMontgomery x32
23945242826029513411849172299223580994042798784118781,0.046013,0.110858,0.417727,6.317,0.147,3.225,WordByWordMontgomery x64
784637716923335095479473677900958302012794430558004314087,0.058404,0.172845,0.671918,9.943,0.196,4.578,UnsaturatedSolinas x32 (0)
784637716923335095479473677900958302012794430558004314087,0.015246,0.040777,0.146383,2.293,0.042,1.022,UnsaturatedSolinas x64 (0)
784637716923335095479473677900958302012794430558004314087,0.549604,1.301564,5.022114,68.127,1.554,32.53,WordByWordMontgomery x32
784637716923335095479473677900958302012794430558004314087,0.044388,0.103544,0.397186,6.325,0.149,3.328,WordByWordMontgomery x64
1569275433846670190958947355801916604025588861116008628213,0.057752,0.178351,0.651346,9.862,0.194,4.581,UnsaturatedSolinas x32 (0)
1569275433846670190958947355801916604025588861116008628213,0.014641,0.038952,0.149420,2.318,0.042,1.126,UnsaturatedSolinas x64 (0)
1569275433846670190958947355801916604025588861116008628213,0.525293,1.281926,4.941108,69.128,1.549,32.559,WordByWordMontgomery x32
1569275433846670190958947355801916604025588861116008628213,0.046999,0.107083,0.416906,6.262,0.147,3.245,WordByWordMontgomery x64
3138550867693340381917894711603833208051177722232017256429,0.059637,0.176776,0.653977,10.026,0.198,4.601,UnsaturatedSolinas x32 (0)
3138550867693340381917894711603833208051177722232017256429,0.014926,0.040227,0.151847,2.3,0.043,1.073,UnsaturatedSolinas x64 (0)
3138550867693340381917894711603833208051177722232017256429,0.541668,1.309853,4.988873,68.979,1.547,35.348,WordByWordMontgomery x32
3138550867693340381917894711603833208051177722232017256429,0.047942,0.111303,0.411642,6.277,0.147,3.334,WordByWordMontgomery x64
6277101735386680763835789423207666416083908700390324961279,0.103535,0.308679,1.111549,17.446,0.349,8.151,UnsaturatedSolinas x32 (0)
6277101735386680763835789423207666416083908700390324961279,0.021090,0.055258,0.206288,3.249,0.075,1.367,UnsaturatedSolinas x64 (0)
6277101735386680763835789423207666416083908700390324961279,0.529609,1.273795,4.902321,69.188,1.633,32.189,WordByWordMontgomery x32
6277101735386680763835789423207666416083908700390324961279,0.048530,0.108903,0.405986,6.246,0.148,3.339,WordByWordMontgomery x64
25108406941546723055343157692830665664409421777856138051551,0.058955,0.176588,0.657423,9.938,0.202,4.764,UnsaturatedSolinas x32 (0)
25108406941546723055343157692830665664409421777856138051551,0.014984,0.040265,0.149875,2.303,0.044,1.067,UnsaturatedSolinas x64 (0)
25108406941546723055343157692830665664409421777856138051551,1.044108,2.406947,9.336766,121.056,3.325,80.779,WordByWordMontgomery x32
25108406941546723055343157692830665664409421777856138051551,0.139382,0.323228,1.155785,16.995,0.634,14.181,WordByWordMontgomery x64
100433627766186892221372630771322662657637687111424552206321,0.060372,0.180651,0.669419,10.139,0.205,4.859,UnsaturatedSolinas x32 (0)
100433627766186892221372630771322662657637687111424552206321,0.015545,0.040071,0.147502,2.301,0.044,1.081,UnsaturatedSolinas x64 (0)
100433627766186892221372630771322662657637687111424552206321,1.044272,2.423273,9.385633,121.562,3.329,73.272,WordByWordMontgomery x32
100433627766186892221372630771322662657637687111424552206321,0.139767,0.314740,1.125244,16.779,0.637,14.202,WordByWordMontgomery x64
401734511064747568885490523085290650630550748445698208825327,0.059303,0.175839,0.654827,10.202,0.209,4.857,UnsaturatedSolinas x32 (0)
401734511064747568885490523085290650630550748445698208825327,0.015665,0.041090,0.147457,2.289,0.045,1.086,UnsaturatedSolinas x64 (0)
401734511064747568885490523085290650630550748445698208825327,1.054942,2.472407,9.289630,122.669,3.37,73.694,WordByWordMontgomery x32
401734511064747568885490523085290650630550748445698208825327,0.141521,0.317675,1.129673,17.022,0.646,14.422,WordByWordMontgomery x64
33343964418374048217495713416079124002335712120992951332503551,,,,,,,UnsaturatedSolinas x32 (0)
33343964418374048217495713416079124002335712120992951332503551,,,,,,,UnsaturatedSolinas x64 (0)
33343964418374048217495713416079124002335712120992951332503551,1.045365,2.437478,9.130086,121.404,3.385,75.083,WordByWordMontgomery x32
33343964418374048217495713416079124002335712120992951332503551,0.144101,0.327754,1.129595,16.683,0.646,14.44,WordByWordMontgomery x64
102844034832575377634685573909834406561420991602098741459288059,0.061898,0.176079,0.657548,9.791,0.223,5.302,UnsaturatedSolinas x32 (0)
102844034832575377634685573909834406561420991602098741459288059,0.016276,0.042474,0.148281,2.3,0.048,1.195,UnsaturatedSolinas x64 (0)
102844034832575377634685573909834406561420991602098741459288059,1.056273,2.432875,9.322092,121.35,3.368,73.256,WordByWordMontgomery x32
102844034832575377634685573909834406561420991602098741459288059,0.140422,0.318615,1.141614,16.939,0.641,14.247,WordByWordMontgomery x64
6582018229284824168619876730229402019930943462534319453394436067,0.080806,0.239596,0.869115,13.327,0.312,7.338,UnsaturatedSolinas x32 (0)
6582018229284824168619876730229402019930943462534319453394436067,0.015107,0.040851,0.150849,2.319,0.051,1.355,UnsaturatedSolinas x64 (0)
6582018229284824168619876730229402019930943462534319453394436067,1.050407,2.390309,9.087028,121.724,3.373,73.684,WordByWordMontgomery x32
6582018229284824168619876730229402019930943462534319453394436067,0.143049,0.316597,1.146435,16.672,0.65,14.513,WordByWordMontgomery x64
13164036458569648337239753460458804039861886925068638906788872189,0.062182,0.178366,0.656164,9.991,0.238,5.576,UnsaturatedSolinas x32 (0)
13164036458569648337239753460458804039861886925068638906788872189,0.016024,0.042165,0.149641,2.333,0.051,1.252,UnsaturatedSolinas x64 (0)
13164036458569648337239753460458804039861886925068638906788872189,1.061734,2.420229,9.313057,121.378,3.339,73.773,WordByWordMontgomery x32
13164036458569648337239753460458804039861886925068638906788872189,0.143603,0.322895,1.135392,17.075,0.651,14.26,WordByWordMontgomery x64
105312291668557186697918027683670107800341436973822328098290401279,0.085773,0.238819,0.869473,13.421,0.34,8.111,UnsaturatedSolinas x32 (0)
105312291668557186697918027683670107800341436973822328098290401279,0.023742,0.058877,0.214238,3.327,0.077,1.863,UnsaturatedSolinas x64 (0)
105312291668557186697918027683670107800341436973822328098290401279,1.071784,2.519154,9.120553,121.103,3.34,73.871,WordByWordMontgomery x32
105312291668557186697918027683670107800341436973822328098290401279,0.138092,0.296998,1.076053,16.806,0.645,15.632,WordByWordMontgomery x64
3369993333393829974333376885877453834204643052817571560137951281149,0.062484,0.181090,0.658004,10.036,0.251,6.46,UnsaturatedSolinas x32 (0)
3369993333393829974333376885877453834204643052817571560137951281149,0.016333,0.043005,0.148036,2.307,0.054,1.33,UnsaturatedSolinas x64 (0)
3369993333393829974333376885877453834204643052817571560137951281149,1.055982,2.444755,9.234693,121.918,3.337,79.613,WordByWordMontgomery x32
3369993333393829974333376885877453834204643052817571560137951281149,0.142106,0.319984,1.133350,16.895,0.644,14.457,WordByWordMontgomery x64
6739986666787659948666753771754907668409286105635143120275902562187,0.080898,0.238071,0.867769,13.219,0.336,7.996,UnsaturatedSolinas x32 (0)
6739986666787659948666753771754907668409286105635143120275902562187,0.016099,0.043361,0.149714,2.324,0.056,1.372,UnsaturatedSolinas x64 (0)
6739986666787659948666753771754907668409286105635143120275902562187,1.054644,2.487995,9.293490,121.56,3.347,73.645,WordByWordMontgomery x32
6739986666787659948666753771754907668409286105635143120275902562187,0.138846,0.322793,1.161053,17.029,0.644,14.365,WordByWordMontgomery x64
26959946667150639794667015087019630673557916260026308143510066298881,0.145057,0.416047,1.458111,22.531,0.598,14.203,UnsaturatedSolinas x32 (0)
26959946667150639794667015087019630673557916260026308143510066298881,0.037411,0.090722,0.330434,5.056,0.127,3.057,UnsaturatedSolinas x64 (0)
26959946667150639794667015087019630673557916260026308143510066298881,1.103835,2.518914,9.317133,121.344,3.359,74.821,WordByWordMontgomery x32
26959946667150639794667015087019630673557916260026308143510066298881,0.147997,0.324696,1.129915,16.794,0.644,14.417,WordByWordMontgomery x64
107839786668602559178668060348078522694548577690162289924414440996859,0.082896,0.233441,0.880586,13.29,0.343,8.169,UnsaturatedSolinas x32 (0)
107839786668602559178668060348078522694548577690162289924414440996859,0.015565,0.040048,0.149880,2.319,0.056,1.387,UnsaturatedSolinas x64 (0)
107839786668602559178668060348078522694548577690162289924414440996859,1.933986,4.340818,16.419176,202.018,6.514,151.888,WordByWordMontgomery x32
107839786668602559178668060348078522694548577690162289924414440996859,0.140471,0.321359,1.140474,16.785,0.651,14.427,WordByWordMontgomery x64
1725436586697640946858688965569256363112777243042596638790631055949797,0.083778,0.238147,0.852764,13.332,0.36,8.542,UnsaturatedSolinas x32 (0)
1725436586697640946858688965569256363112777243042596638790631055949797,0.015265,0.038989,0.145178,2.31,0.058,1.436,UnsaturatedSolinas x64 (0)
1725436586697640946858688965569256363112777243042596638790631055949797,1.937879,4.396905,16.536713,200.354,6.653,150.411,WordByWordMontgomery x32
1725436586697640946858688965569256363112777243042596638790631055949797,0.144078,0.321786,1.134066,16.683,0.639,14.448,WordByWordMontgomery x64
55213970774324510299478046898216203619608871777363092441300193790394353,0.085751,0.242479,0.854429,13.207,0.37,8.76,UnsaturatedSolinas x32 (0)
55213970774324510299478046898216203619608871777363092441300193790394353,0.016449,0.043010,0.149134,2.306,0.061,1.502,UnsaturatedSolinas x64 (0)
55213970774324510299478046898216203619608871777363092441300193790394353,1.930884,4.361032,16.592219,199.063,6.655,150.454,WordByWordMontgomery x32
55213970774324510299478046898216203619608871777363092441300193790394353,0.144158,0.314709,1.136775,16.843,0.654,14.321,WordByWordMontgomery x64
14134776518227074636666380005943348126619871175004951664972849610340958199,0.087417,0.242875,0.864129,13.475,0.391,9.343,UnsaturatedSolinas x32 (0)
14134776518227074636666380005943348126619871175004951664972849610340958199,0.024927,0.062479,0.225111,3.619,0.104,2.501,UnsaturatedSolinas x64 (0)
14134776518227074636666380005943348126619871175004951664972849610340958199,1.942219,4.388277,16.643820,200.659,6.649,151.293,WordByWordMontgomery x32
14134776518227074636666380005943348126619871175004951664972849610340958199,0.143310,0.319485,1.138317,16.641,0.634,14.541,WordByWordMontgomery x64
3618502788666131106986593281521497120414687020801267626233049500247285301239,0.110704,0.315850,1.129159,17.191,0.53,12.776,UnsaturatedSolinas x32 (0)
3618502788666131106986593281521497120414687020801267626233049500247285301239,0.027135,0.066410,0.238387,3.633,0.11,2.645,UnsaturatedSolinas x64 (0)
3618502788666131106986593281521497120414687020801267626233049500247285301239,1.936975,4.474332,16.304195,202.444,6.525,154.679,WordByWordMontgomery x32
3618502788666131106986593281521497120414687020801267626233049500247285301239,0.141620,0.317129,1.148490,16.66,0.649,14.763,WordByWordMontgomery x64
28723632732102194046035667469577626311807405711506937402182952014414119698431,,,,,,,UnsaturatedSolinas x32 (0)
28723632732102194046035667469577626311807405711506937402182952014414119698431,,,,,,,UnsaturatedSolinas x64 (0)
28723632732102194046035667469577626311807405711506937402182952014414119698431,1.828428,3.933925,14.974397,204.198,6.586,158.112,WordByWordMontgomery x32
28723632732102194046035667469577626311807405711506937402182952014414119698431,0.140819,0.312132,1.098322,16.557,0.646,14.677,WordByWordMontgomery x64
57896044618658097711785492504343953926634992332820282019728792003956564819203,0.144734,0.403548,1.428373,21.562,0.684,16.505,UnsaturatedSolinas x32 (0)
57896044618658097711785492504343953926634992332820282019728792003956564819203,0.025473,0.065943,0.234311,3.634,0.112,2.733,UnsaturatedSolinas x64 (0)
57896044618658097711785492504343953926634992332820282019728792003956564819203,1.986387,4.345406,16.418683,202.268,6.628,153.904,WordByWordMontgomery x32
57896044618658097711785492504343953926634992332820282019728792003956564819203,0.143112,0.319708,1.154717,16.753,0.654,15.795,WordByWordMontgomery x64
57896044618658097711785492504343953926634992332820282019728792003956564819949,0.114642,0.317352,1.124091,16.999,0.548,13.221,UnsaturatedSolinas x32 (0)
57896044618658097711785492504343953926634992332820282019728792003956564819949,0.024766,0.062720,0.229368,3.648,0.111,2.717,UnsaturatedSolinas x64 (0)
57896044618658097711785492504343953926634992332820282019728792003956564819949,1.939030,4.386124,16.593414,198.996,6.66,153.018,WordByWordMontgomery x32
57896044618658097711785492504343953926634992332820282019728792003956564819949,0.143854,0.324866,1.141138,16.827,0.642,14.351,WordByWordMontgomery x64
115636606695615697602567654828622531023877166082715509571142882662199379099647,,,,,,,UnsaturatedSolinas x32 (0)
115636606695615697602567654828622531023877166082715509571142882662199379099647,,,,,,,UnsaturatedSolinas x64 (0)
115636606695615697602567654828622531023877166082715509571142882662199379099647,2.045134,4.417722,16.581798,203.996,6.721,159.042,WordByWordMontgomery x32
115636606695615697602567654828622531023877166082715509571142882662199379099647,0.145156,0.317494,1.115041,16.717,0.637,14.522,WordByWordMontgomery x64
115792089210356248762697446949407573530086143415290314195533631308867097853951,1.387468,2.411783,6.644550,89.018,4.121,98.722,UnsaturatedSolinas x32 (0)
115792089210356248762697446949407573530086143415290314195533631308867097853951,0.090924,0.208388,0.712030,10.915,0.434,10.609,UnsaturatedSolinas x64 (0)
115792089210356248762697446949407573530086143415290314195533631308867097853951,2.035033,4.424814,16.165058,213.361,6.725,155.904,WordByWordMontgomery x32
115792089210356248762697446949407573530086143415290314195533631308867097853951,0.141420,0.315058,1.133032,16.726,0.637,14.396,WordByWordMontgomery x64
115792089237316195423570985008687907853269984665640564039457584007908834671663,0.182232,0.503108,1.779349,27.284,0.828,19.921,UnsaturatedSolinas x32 (0)
115792089237316195423570985008687907853269984665640564039457584007908834671663,0.035658,0.092460,0.337333,5.417,0.168,4.12,UnsaturatedSolinas x64 (0)
115792089237316195423570985008687907853269984665640564039457584007908834671663,1.993723,4.240243,16.300795,202.213,6.526,155.408,WordByWordMontgomery x32
115792089237316195423570985008687907853269984665640564039457584007908834671663,0.144419,0.312679,1.122976,17.019,0.64,14.235,WordByWordMontgomery x64
115792089237316195423570985008687907853269984665640564039457584007913129639747,0.144121,0.402247,1.420717,21.47,0.68,16.652,UnsaturatedSolinas x32 (0)
115792089237316195423570985008687907853269984665640564039457584007913129639747,0.025466,0.065033,0.233792,3.622,0.114,2.737,UnsaturatedSolinas x64 (0)
115792089237316195423570985008687907853269984665640564039457584007913129639747,1.984835,4.347479,16.372301,201.139,6.693,153.175,WordByWordMontgomery x32
115792089237316195423570985008687907853269984665640564039457584007913129639747,0.135874,0.311364,1.111109,17.058,0.647,14.266,WordByWordMontgomery x64
118571099379011784113736688648896417641748464297615937576404566024103044751294461,0.115336,0.328660,1.128599,17.295,0.591,14.518,UnsaturatedSolinas x32 (0)
118571099379011784113736688648896417641748464297615937576404566024103044751294461,0.026538,0.065528,0.234194,3.641,0.122,2.965,UnsaturatedSolinas x64 (0)
118571099379011784113736688648896417641748464297615937576404566024103044751294461,3.410437,7.558576,28.923573,314.636,12.572,286.904,WordByWordMontgomery x32
118571099379011784113736688648896417641748464297615937576404566024103044751294461,0.365831,0.765219,2.659145,37.987,1.964,46.199,WordByWordMontgomery x64
62165404551223330269422781018352605012557018849668464680057997111644937126566671941623,0.155563,0.417776,1.436493,21.765,0.855,20.523,UnsaturatedSolinas x32 (0)
62165404551223330269422781018352605012557018849668464680057997111644937126566671941623,0.026818,0.066161,0.237883,3.65,0.137,3.35,UnsaturatedSolinas x64 (0)
62165404551223330269422781018352605012557018849668464680057997111644937126566671941623,3.439796,7.525480,29.155439,306.459,12.444,287.846,WordByWordMontgomery x32
62165404551223330269422781018352605012557018849668464680057997111644937126566671941623,0.368609,0.764696,2.598562,37.503,1.959,46.526,WordByWordMontgomery x64
3978585891278293137243057985174566720803649206378781739523711815145275976100267004264429,0.195140,0.515009,1.767394,26.935,1.069,26.345,UnsaturatedSolinas x32 (0)
3978585891278293137243057985174566720803649206378781739523711815145275976100267004264429,0.029333,0.069451,0.235308,3.685,0.144,3.836,UnsaturatedSolinas x64 (0)
3978585891278293137243057985174566720803649206378781739523711815145275976100267004264429,6.070243,13.128256,50.604707,499.494,21.662,518.431,WordByWordMontgomery x32
3978585891278293137243057985174566720803649206378781739523711815145275976100267004264429,0.364202,0.745582,2.592926,37.431,1.963,46.25,WordByWordMontgomery x64
4271974071841820164790043412339104229205409044713305539894083215644439451561281100045924173873143,0.252613,0.647643,2.212372,32.808,1.549,38.264,UnsaturatedSolinas x32 (0)
4271974071841820164790043412339104229205409044713305539894083215644439451561281100045924173873143,0.043666,0.108236,0.353893,5.477,0.255,6.281,UnsaturatedSolinas x64 (0)
4271974071841820164790043412339104229205409044713305539894083215644439451561281100045924173873143,9.093303,18.770859,72.698526,101.205,35.974,868.076,WordByWordMontgomery x32
4271974071841820164790043412339104229205409044713305539894083215644439451561281100045924173873143,0.791260,1.533296,5.055441,72.769,5.209,120.647,WordByWordMontgomery x64
8543948143683640329580086824678208458410818089423688076513504625452471533457129634052536482660351,0.273408,0.660569,2.202972,35.035,1.758,43.109,UnsaturatedSolinas x32 (0)
8543948143683640329580086824678208458410818089423688076513504625452471533457129634052536482660351,0.061388,0.144751,0.487592,7.509,0.365,9.034,UnsaturatedSolinas x64 (0)
8543948143683640329580086824678208458410818089423688076513504625452471533457129634052536482660351,10.595939,21.546899,82.853363,102.018,36.099,946.527,WordByWordMontgomery x32
8543948143683640329580086824678208458410818089423688076513504625452471533457129634052536482660351,0.801971,1.577375,5.243468,72.276,4.977,121.215,WordByWordMontgomery x64
139984046386112763159840142535527767382602843577165595931249318810236991948760059086304843329475444719,0.264811,0.668697,2.227647,33.045,1.715,42.038,UnsaturatedSolinas x32 (0)
139984046386112763159840142535527767382602843577165595931249318810236991948760059086304843329475444719,0.045071,0.108588,0.359650,5.414,0.275,6.821,UnsaturatedSolinas x64 (0)
139984046386112763159840142535527767382602843577165595931249318810236991948760059086304843329475444719,9.216941,18.863151,73.589307,101.119,36.245,876.595,WordByWordMontgomery x32
139984046386112763159840142535527767382602843577165595931249318810236991948760059086304843329475444719,0.844030,1.651110,5.246131,72.582,5.195,120.962,WordByWordMontgomery x64
139984046386112763159840142535527767382602843577165595931249318810236991948760059086304843329475444733,0.255907,0.661261,2.181351,33.791,1.699,42.159,UnsaturatedSolinas x32 (0)
139984046386112763159840142535527767382602843577165595931249318810236991948760059086304843329475444733,0.045590,0.105542,0.351170,5.479,0.275,6.828,UnsaturatedSolinas x64 (0)
139984046386112763159840142535527767382602843577165595931249318810236991948760059086304843329475444733,10.350061,21.960086,84.363101,100.555,35.952,877.919,WordByWordMontgomery x32
139984046386112763159840142535527767382602843577165595931249318810236991948760059086304843329475444733,0.810732,1.643384,5.345612,72.798,5.185,132.341,WordByWordMontgomery x64
559936185544451052639360570142111069530411374308662383724997275240947967795040236345219373317901778929,0.261990,0.650075,2.122257,33.025,1.699,42.089,UnsaturatedSolinas x32 (0)
559936185544451052639360570142111069530411374308662383724997275240947967795040236345219373317901778929,0.046155,0.108391,0.362459,5.486,0.279,7.555,UnsaturatedSolinas x64 (0)
559936185544451052639360570142111069530411374308662383724997275240947967795040236345219373317901778929,10.753035,21.934406,84.888280,100.456,36.067,872.757,WordByWordMontgomery x32
559936185544451052639360570142111069530411374308662383724997275240947967795040236345219373317901778929,0.846406,1.670724,5.389131,72.821,5.24,120.108,WordByWordMontgomery x64
1202453802380202612679414065556140558016349465041059773802132977424491020858679523053413887173001575952350707687,0.429228,1.021052,3.265275,47.651,2.87,70.5,UnsaturatedSolinas x32 (0)
1202453802380202612679414065556140558016349465041059773802132977424491020858679523053413887173001575952350707687,0.068298,0.158112,0.519787,7.691,0.474,11.623,UnsaturatedSolinas x64 (0)
1202453802380202612679414065556140558016349465041059773802132977424491020858679523053413887173001575952350707687,17.238502,35.922562,152.800955,,57.255,1427.31,WordByWordMontgomery x32
1202453802380202612679414065556140558016349465041059773802132977424491020858679523053413887173001575952350707687,0.846562,1.653680,5.363298,73.005,5.206,121.166,WordByWordMontgomery x64
1231312693637327475383720003129487931408741852202045208373384168882678805359287831606695820465153613775207124697069,0.439554,1.035201,3.311616,48.376,3.017,75.31,UnsaturatedSolinas x32 (0)
1231312693637327475383720003129487931408741852202045208373384168882678805359287831606695820465153613775207124697069,0.068490,0.161855,0.510829,7.749,0.493,13.453,UnsaturatedSolinas x64 (0)
1231312693637327475383720003129487931408741852202045208373384168882678805359287831606695820465153613775207124697069,17.261873,36.871889,152.037514,,57.593,1425.844,WordByWordMontgomery x32
1231312693637327475383720003129487931408741852202045208373384168882678805359287831606695820465153613775207124697069,0.809705,1.661448,5.236060,72.777,5.227,121.619,WordByWordMontgomery x64
9850501549098619803069760025035903451269934817616361666987073351061430442874302652853566563721228910201656997576599,0.511307,1.223360,3.856035,56.844,3.6,89.466,UnsaturatedSolinas x32 (0)
9850501549098619803069760025035903451269934817616361666987073351061430442874302652853566563721228910201656997576599,0.072674,0.160050,0.506735,7.823,0.502,12.404,UnsaturatedSolinas x64 (0)
9850501549098619803069760025035903451269934817616361666987073351061430442874302652853566563721228910201656997576599,16.973395,36.604460,151.605466,,57.696,1431.136,WordByWordMontgomery x32
9850501549098619803069760025035903451269934817616361666987073351061430442874302652853566563721228910201656997576599,0.829457,1.651135,5.332863,73.024,5.185,122.411,WordByWordMontgomery x64
19701003098197239606139520050071806902539869635232723333974146702122860885748605305707133127442457820403313995152987,0.603082,1.448982,4.508679,66.254,4.191,105.242,UnsaturatedSolinas x32 (0)
19701003098197239606139520050071806902539869635232723333974146702122860885748605305707133127442457820403313995152987,0.068474,0.156222,0.495921,7.797,0.5,12.482,UnsaturatedSolinas x64 (0)
19701003098197239606139520050071806902539869635232723333974146702122860885748605305707133127442457820403313995152987,17.287803,36.943297,151.980889,,57.512,1425.279,WordByWordMontgomery x32
19701003098197239606139520050071806902539869635232723333974146702122860885748605305707133127442457820403313995152987,0.807423,1.636091,5.293310,72.711,5.256,122.154,WordByWordMontgomery x64
19701003098197239606139520050071806902539869635232723333974146702122860885748605305707133127442457820403313995153221,0.499071,1.194947,3.813568,56.968,3.59,90.99,UnsaturatedSolinas x32 (0)
19701003098197239606139520050071806902539869635232723333974146702122860885748605305707133127442457820403313995153221,0.072129,0.160942,0.515873,7.697,0.498,13.686,UnsaturatedSolinas x64 (0)
19701003098197239606139520050071806902539869635232723333974146702122860885748605305707133127442457820403313995153221,17.163647,36.732529,150.920081,,57.586,1444.143,WordByWordMontgomery x32
19701003098197239606139520050071806902539869635232723333974146702122860885748605305707133127442457820403313995153221,0.871492,1.720890,5.603228,70.734,5.248,121.228,WordByWordMontgomery x64
19701003098197239606139520050071806902539869635232723333974146702122860885748605305707133127442457820403313995153377,0.432919,1.041732,3.280374,48.257,3.046,76.945,UnsaturatedSolinas x32 (0)
19701003098197239606139520050071806902539869635232723333974146702122860885748605305707133127442457820403313995153377,0.071887,0.159068,0.509304,7.762,0.496,12.487,UnsaturatedSolinas x64 (0)
19701003098197239606139520050071806902539869635232723333974146702122860885748605305707133127442457820403313995153377,17.223350,36.013640,150.256072,,57.454,1446.925,WordByWordMontgomery x32
19701003098197239606139520050071806902539869635232723333974146702122860885748605305707133127442457820403313995153377,0.843358,1.646527,5.346830,72.277,5.247,121.354,WordByWordMontgomery x64
27242793346725870392864805069239920482418413479970250235261124736529268568574243274298145027791523704776457633923071,,,,,,,UnsaturatedSolinas x32 (0)
27242793346725870392864805069239920482418413479970250235261124736529268568574243274298145027791523704776457633923071,,,,,,,UnsaturatedSolinas x64 (0)
27242793346725870392864805069239920482418413479970250235261124736529268568574243274298145027791523704776457633923071,17.767758,36.980456,151.189898,,57.5,1427.082,WordByWordMontgomery x32
27242793346725870392864805069239920482418413479970250235261124736529268568574243274298145027791523704776457633923071,0.834239,1.616503,5.098614,73.368,5.035,123.174,WordByWordMontgomery x64
39399000061888528705747341564979723453684698396802844018513788071802160543945063912606632720166983136866747113537535,,,,,,,UnsaturatedSolinas x32 (0)
39399000061888528705747341564979723453684698396802844018513788071802160543945063912606632720166983136866747113537535,,,,,,,UnsaturatedSolinas x64 (0)
39399000061888528705747341564979723453684698396802844018513788071802160543945063912606632720166983136866747113537535,18.490050,36.480098,141.377534,,57.793,1441.384,WordByWordMontgomery x32
39399000061888528705747341564979723453684698396802844018513788071802160543945063912606632720166983136866747113537535,0.830065,1.634057,5.203822,72.635,5.075,123.862,WordByWordMontgomery x64
39402006196394479212279040100143613805079739270465446667948293404245721771496870329047266088258938001861606973112319,1.366522,3.062573,9.732015,136.404,8.371,208.15,UnsaturatedSolinas x32 (0)
39402006196394479212279040100143613805079739270465446667948293404245721771496870329047266088258938001861606973112319,0.243770,0.552539,1.782698,27.231,1.694,44.284,UnsaturatedSolinas x64 (0)
39402006196394479212279040100143613805079739270465446667948293404245721771496870329047266088258938001861606973112319,17.403419,36.824585,150.319728,,57.581,1547.643,WordByWordMontgomery x32
39402006196394479212279040100143613805079739270465446667948293404245721771496870329047266088258938001861606973112319,0.807704,1.609573,5.164474,72.571,4.989,123.319,WordByWordMontgomery x64
39402006196394479212279040100143613805079739270465446667948293404245721771497210611414266254884915640806627990306499,0.509088,1.218276,3.792922,56.494,3.588,89.232,UnsaturatedSolinas x32 (0)
39402006196394479212279040100143613805079739270465446667948293404245721771497210611414266254884915640806627990306499,0.068823,0.150273,0.501895,7.721,0.501,12.535,UnsaturatedSolinas x64 (0)
39402006196394479212279040100143613805079739270465446667948293404245721771497210611414266254884915640806627990306499,17.017427,36.008478,150.552243,,57.559,1437.12,WordByWordMontgomery x32
39402006196394479212279040100143613805079739270465446667948293404245721771497210611414266254884915640806627990306499,0.809893,1.652150,5.282111,72.716,5.264,121.995,WordByWordMontgomery x64
1260864198284623334792929283204595641762551656654894293374345388935863096687910739565256520156317300505812095689818091,0.520044,1.217913,3.852601,56.654,3.692,92.28,UnsaturatedSolinas x32 (0)
1260864198284623334792929283204595641762551656654894293374345388935863096687910739565256520156317300505812095689818091,0.071558,0.163459,0.505759,7.815,0.514,12.77,UnsaturatedSolinas x64 (0)
1260864198284623334792929283204595641762551656654894293374345388935863096687910739565256520156317300505812095689818091,28.895486,57.525034,244.786783,,89.308,2288.722,WordByWordMontgomery x32
1260864198284623334792929283204595641762551656654894293374345388935863096687910739565256520156317300505812095689818091,1.903973,3.468931,10.183627,129.498,11.318,276.645,WordByWordMontgomery x64
5164499756173817179311838344006023748659411585658447025661318713081295244033682389259290706560275662871806343945494986721,0.543637,1.253134,3.797468,57.066,3.927,99.213,UnsaturatedSolinas x32 (0)
5164499756173817179311838344006023748659411585658447025661318713081295244033682389259290706560275662871806343945494986721,0.073789,0.160932,0.507783,7.88,0.544,13.588,UnsaturatedSolinas x64 (0)
5164499756173817179311838344006023748659411585658447025661318713081295244033682389259290706560275662871806343945494986721,29.033515,58.452038,246.837538,,88.831,2250.523,WordByWordMontgomery x32
5164499756173817179311838344006023748659411585658447025661318713081295244033682389259290706560275662871806343945494986721,1.859205,3.441631,10.526138,128.935,11.333,277.311,WordByWordMontgomery x64
21153791001287955166461289857048673274508949854856999017108761448780985319561963066406054734070889115122918784800747465736171,0.649358,1.487039,4.493546,66.003,4.928,133.791,UnsaturatedSolinas x32 (0)
21153791001287955166461289857048673274508949854856999017108761448780985319561963066406054734070889115122918784800747465736171,0.103598,0.229375,0.702015,10.578,0.79,19.55,UnsaturatedSolinas x64 (0)
21153791001287955166461289857048673274508949854856999017108761448780985319561963066406054734070889115122918784800747465736171,28.812386,59.531116,240.779825,,88.786,2284.745,WordByWordMontgomery x32
21153791001287955166461289857048673274508949854856999017108761448780985319561963066406054734070889115122918784800747465736171,1.898323,3.455179,10.185184,129.718,11.442,275.682,WordByWordMontgomery x64
42307582002575910332922579714097346549017899709713998034217522897561970639123926132812109468141778230245837569601494931472367,0.572347,1.268633,3.876799,58.061,4.181,104.55,UnsaturatedSolinas x32 (0)
42307582002575910332922579714097346549017899709713998034217522897561970639123926132812109468141778230245837569601494931472367,0.101968,0.224909,0.688747,10.559,0.78,21.628,UnsaturatedSolinas x64 (0)
42307582002575910332922579714097346549017899709713998034217522897561970639123926132812109468141778230245837569601494931472367,30.086571,58.157258,239.578364,,89.016,2279.283,WordByWordMontgomery x32
42307582002575910332922579714097346549017899709713998034217522897561970639123926132812109468141778230245837569601494931472367,1.900544,3.428844,10.113388,129.18,11.352,275.439,WordByWordMontgomery x64
169230328010303641331690318856389386196071598838855992136870091178871743226194193992506142233229486675299383870011013888737279,0.747865,1.624272,4.933392,72.595,5.56,155.821,UnsaturatedSolinas x32 (0)
169230328010303641331690318856389386196071598838855992136870091178871743226194193992506142233229486675299383870011013888737279,0.140504,0.305157,0.921520,14.073,1.099,27.929,UnsaturatedSolinas x64 (0)
169230328010303641331690318856389386196071598838855992136870091178871743226194193992506142233229486675299383870011013888737279,30.097998,59.704086,243.524300,,88.88,2270.506,WordByWordMontgomery x32
169230328010303641331690318856389386196071598838855992136870091178871743226194193992506142233229486675299383870011013888737279,1.887359,3.374171,10.069636,130.423,11.434,274.724,WordByWordMontgomery x64
45427420268475430659332737993000283397102585042957378767593137448789955507087370207886940669610222847547657600391636120845912601788399,0.798434,1.764890,5.221075,77.795,6.384,157.801,UnsaturatedSolinas x32 (0)
45427420268475430659332737993000283397102585042957378767593137448789955507087370207886940669610222847547657600391636120845912601788399,0.111981,0.235076,0.693034,10.731,0.894,22.189,UnsaturatedSolinas x64 (0)
45427420268475430659332737993000283397102585042957378767593137448789955507087370207886940669610222847547657600391636120845912601788399,48.482418,96.466127,373.091484,,133.372,,WordByWordMontgomery x32
45427420268475430659332737993000283397102585042957378767593137448789955507087370207886940669610222847547657600391636120845912601788399,1.913115,3.327300,10.083679,129.802,11.322,275.695,WordByWordMontgomery x64
726838724295606890549323807888004534353641360687318060281490199180612328166730772686396383698676545930088884461843637361053498018365439,1.108988,2.308909,6.764131,100.605,8.698,220.41,UnsaturatedSolinas x32 (0)
726838724295606890549323807888004534353641360687318060281490199180612328166730772686396383698676545930088884461843637361053498018365439,0.154050,0.325595,0.943866,14.319,1.269,31.703,UnsaturatedSolinas x64 (0)
726838724295606890549323807888004534353641360687318060281490199180612328166730772686396383698676545930088884461843637361053498018365439,48.391247,97.383784,387.055630,,133.771,,WordByWordMontgomery x32
726838724295606890549323807888004534353641360687318060281490199180612328166730772686396383698676545930088884461843637361053498018365439,1.909868,3.414271,10.158796,129.45,11.417,274.689,WordByWordMontgomery x64
2907354897182427562197295231552018137414565442749272241125960796722503232560257392025174868824880222981702812136219630589176199293960191,1.133597,2.326780,6.823834,98.411,8.742,219.626,UnsaturatedSolinas x32 (0)
2907354897182427562197295231552018137414565442749272241125960796722503232560257392025174868824880222981702812136219630589176199293960191,0.156407,0.321900,0.943811,14.448,1.282,31.802,UnsaturatedSolinas x64 (0)
2907354897182427562197295231552018137414565442749272241125960796722503232560257392025174868824880222981702812136219630589176199293960191,78.290375,151.584550,492.360021,,192.21,,WordByWordMontgomery x32
2907354897182427562197295231552018137414565442749272241125960796722503232560257392025174868824880222981702812136219630589176199293960191,3.984060,6.533710,18.458036,219.041,23.371,560.092,WordByWordMontgomery x64
11629419588729710248789180926208072549658261770997088964503843186890228609814366773219056811420217048972200345700258846936553626057834493,0.697355,1.518465,4.571095,65.99,5.797,154.995,UnsaturatedSolinas x32 (0)
11629419588729710248789180926208072549658261770997088964503843186890228609814366773219056811420217048972200345700258846936553626057834493,0.112780,0.234895,0.696343,10.837,0.945,23.098,UnsaturatedSolinas x64 (0)
11629419588729710248789180926208072549658261770997088964503843186890228609814366773219056811420217048972200345700258846936553626057834493,75.625135,147.953514,596.633978,,195.183,,WordByWordMontgomery x32
11629419588729710248789180926208072549658261770997088964503843186890228609814366773219056811420217048972200345700258846936553626057834493,4.039525,6.724869,18.768703,215.857,23.369,563.841,WordByWordMontgomery x64
762145642166990290864647761179972242614403843424065222377723867096038022172794340849684107193235344521442121855812163792833978437326241529839,0.840516,1.761754,5.332127,79.188,6.963,174.541,UnsaturatedSolinas x32 (0)
762145642166990290864647761179972242614403843424065222377723867096038022172794340849684107193235344521442121855812163792833978437326241529839,0.112097,0.224488,0.680208,10.764,0.998,24.625,UnsaturatedSolinas x64 (0)
762145642166990290864647761179972242614403843424065222377723867096038022172794340849684107193235344521442121855812163792833978437326241529839,75.295609,147.273289,595.819492,,194.647,,WordByWordMontgomery x32
762145642166990290864647761179972242614403843424065222377723867096038022172794340849684107193235344521442121855812163792833978437326241529839,4.029254,6.753970,18.693806,218.373,23.383,561.894,WordByWordMontgomery x64
3121748550315992231381597229793166305748598142664971150859156959625371737052918555341921773480194470416908415293922726019829017557682084013670399,1.134106,2.288748,6.661260,100.979,9.822,245.986,UnsaturatedSolinas x32 (0)
3121748550315992231381597229793166305748598142664971150859156959625371737052918555341921773480194470416908415293922726019829017557682084013670399,0.165786,0.331534,0.946851,14.529,1.433,35.45,UnsaturatedSolinas x64 (0)
3121748550315992231381597229793166305748598142664971150859156959625371737052918555341921773480194470416908415293922726019829017557682084013670399,77.835826,149.654499,605.508259,,194.051,,WordByWordMontgomery x32
3121748550315992231381597229793166305748598142664971150859156959625371737052918555341921773480194470416908415293922726019829017557682084013670399,4.049548,6.673539,18.578125,217.233,23.455,561.738,WordByWordMontgomery x64
799167628880894011233688890827050574271641124522232614619944181664095165137859998750798362384253944616915694367080095461234681773897801038410285039,1.072631,2.196987,6.320933,92.012,8.877,233.832,UnsaturatedSolinas x32 (0)
799167628880894011233688890827050574271641124522232614619944181664095165137859998750798362384253944616915694367080095461234681773897801038410285039,0.166141,0.338738,0.947144,14.519,1.42,38.719,UnsaturatedSolinas x64 (0)
799167628880894011233688890827050574271641124522232614619944181664095165137859998750798362384253944616915694367080095461234681773897801038410285039,124.057996,228.966097,947.380999,,280.124,,WordByWordMontgomery x32
799167628880894011233688890827050574271641124522232614619944181664095165137859998750798362384253944616915694367080095461234681773897801038410285039,3.989368,6.690151,18.575996,219.124,23.05,565.037,WordByWordMontgomery x64
1598335257761788022467377781654101148543282249044465229239888363328190330275719997501596724768507889233831388734160190922469363547795602076820570091,1.192722,2.522842,7.285376,106.266,10.089,253.626,UnsaturatedSolinas x32 (0)
1598335257761788022467377781654101148543282249044465229239888363328190330275719997501596724768507889233831388734160190922469363547795602076820570091,0.163053,0.324926,0.945042,14.094,1.404,35.112,UnsaturatedSolinas x64 (0)
1598335257761788022467377781654101148543282249044465229239888363328190330275719997501596724768507889233831388734160190922469363547795602076820570091,125.495414,224.244914,932.464657,,279.576,,WordByWordMontgomery x32
1598335257761788022467377781654101148543282249044465229239888363328190330275719997501596724768507889233831388734160190922469363547795602076820570091,3.888007,6.547907,18.047655,218.482,23.367,559.899,WordByWordMontgomery x64
102293456496754433437912178025862473506770063938845774671352855253004181137646079840102190385184504910965208878986252219038039267058918532916516487137,1.251587,2.491232,7.215203,105.412,10.096,253.883,UnsaturatedSolinas x32 (0)
102293456496754433437912178025862473506770063938845774671352855253004181137646079840102190385184504910965208878986252219038039267058918532916516487137,0.172970,0.331225,0.945581,14.313,1.445,35.837,UnsaturatedSolinas x64 (0)
102293456496754433437912178025862473506770063938845774671352855253004181137646079840102190385184504910965208878986252219038039267058918532916516487137,120.888637,233.009628,919.813630,,281.174,,WordByWordMontgomery x32
102293456496754433437912178025862473506770063938845774671352855253004181137646079840102190385184504910965208878986252219038039267058918532916516487137,4.058661,6.398558,18.255162,218.111,23.074,563.146,WordByWordMontgomery x64
3292621777717531703499517186296461297235914818063567795121505704883698582458552017893209304118318844074148143396809486426396407928092469737516832688963583,,,,,,,UnsaturatedSolinas x32 (0)
3292621777717531703499517186296461297235914818063567795121505704883698582458552017893209304118318844074148143396809486426396407928092469737516832688963583,,,,,,,UnsaturatedSolinas x64 (0)
3292621777717531703499517186296461297235914818063567795121505704883698582458552017893209304118318844074148143396809486426396407928092469737516832688963583,123.030180,191.068073,785.723988,,272.753,,WordByWordMontgomery x32
3292621777717531703499517186296461297235914818063567795121505704883698582458552017893209304118318844074148143396809486426396407928092469737516832688963583,3.965677,6.624510,18.870581,219.623,23.106,559.11,WordByWordMontgomery x64
6703903964971298549787012499102923063739682910296196688861780721860882015036773488400937149083451713845015929093243025426876941405973284973216824503041567,1.707246,3.367324,9.403668,137.991,13.891,338.48,UnsaturatedSolinas x32 (0)
6703903964971298549787012499102923063739682910296196688861780721860882015036773488400937149083451713845015929093243025426876941405973284973216824503041567,0.232431,0.443146,1.233337,18.4,1.99,48.472,UnsaturatedSolinas x64 (0)
6703903964971298549787012499102923063739682910296196688861780721860882015036773488400937149083451713845015929093243025426876941405973284973216824503041567,121.004454,231.745585,914.096636,,280.32,,WordByWordMontgomery x32
6703903964971298549787012499102923063739682910296196688861780721860882015036773488400937149083451713845015929093243025426876941405973284973216824503041567,3.980928,6.515843,18.905030,218.262,23.772,618.929,WordByWordMontgomery x64
6703903964971298549787012499102923063739682910296196688861780721860882015036773488400937149083451713845015929093243025426876941405973284973216824503041861,1.684522,3.342722,9.470549,137.225,13.769,376.616,UnsaturatedSolinas x32 (0)
6703903964971298549787012499102923063739682910296196688861780721860882015036773488400937149083451713845015929093243025426876941405973284973216824503041861,0.235398,0.446557,1.224293,18.646,1.99,48.177,UnsaturatedSolinas x64 (0)
6703903964971298549787012499102923063739682910296196688861780721860882015036773488400937149083451713845015929093243025426876941405973284973216824503041861,123.231894,233.936990,931.424306,,279.18,,WordByWordMontgomery x32
6703903964971298549787012499102923063739682910296196688861780721860882015036773488400937149083451713845015929093243025426876941405973284973216824503041861,3.900516,6.518924,18.232503,217.003,23.402,565.293,WordByWordMontgomery x64
13307355755662784245937995239384449178495717617804446826996292939863313924196378526398893947208652243867464023067321551174658528251694711947109629815685119,,,,,,,UnsaturatedSolinas x32 (0)
13307355755662784245937995239384449178495717617804446826996292939863313924196378526398893947208652243867464023067321551174658528251694711947109629815685119,,,,,,,UnsaturatedSolinas x64 (0)
13307355755662784245937995239384449178495717617804446826996292939863313924196378526398893947208652243867464023067321551174658528251694711947109629815685119,123.447768,219.168840,753.281208,,275.738,,WordByWordMontgomery x32
13307355755662784245937995239384449178495717617804446826996292939863313924196378526398893947208652243867464023067321551174658528251694711947109629815685119,3.967455,6.664920,18.784021,219.412,23.299,565.33,WordByWordMontgomery x64
13407807929942597099574024998205846127479365820592393377723561443721764030073546976801874298166903427690031858186486050853753882811946569946433649006083527,1.941350,3.802995,10.908109,153.856,15.657,385.767,UnsaturatedSolinas x32 (0)
13407807929942597099574024998205846127479365820592393377723561443721764030073546976801874298166903427690031858186486050853753882811946569946433649006083527,0.238450,0.452472,1.247559,18.188,1.971,48.222,UnsaturatedSolinas x64 (0)
13407807929942597099574024998205846127479365820592393377723561443721764030073546976801874298166903427690031858186486050853753882811946569946433649006083527,123.885279,227.333386,919.656315,,281.342,,WordByWordMontgomery x32
13407807929942597099574024998205846127479365820592393377723561443721764030073546976801874298166903427690031858186486050853753882811946569946433649006083527,3.933413,6.473296,18.448629,219.268,23.517,561.7,WordByWordMontgomery x64
6864797660130609714981900799081393217269435300143305409394463459185543183397656052122559640661454554977296311391480858037121987999716643812574028291115057151,1.195148,2.330383,6.392122,94.675,9.886,240.777,UnsaturatedSolinas x32 (0)
6864797660130609714981900799081393217269435300143305409394463459185543183397656052122559640661454554977296311391480858037121987999716643812574028291115057151,0.188854,0.348223,0.956660,14.274,1.576,38.518,UnsaturatedSolinas x64 (0)
6864797660130609714981900799081393217269435300143305409394463459185543183397656052122559640661454554977296311391480858037121987999716643812574028291115057151,195.871284,357.973190,1106.211924,,386.687,,WordByWordMontgomery x32
6864797660130609714981900799081393217269435300143305409394463459185543183397656052122559640661454554977296311391480858037121987999716643812574028291115057151,7.569375,12.096240,32.515777,334.492,44.547,1055.902,WordByWordMontgomery x64
